{"test_accuracy": 0.6444474070123983, "test_precision_macro": 0.6651176609039832, "test_recall_macro": 0.6444598313359965, "test_f1_macro": 0.6397343043623168}